prompt,index
{{sentence_1}} ResourceRatingCollectCondition Absolutely,0
{{sentence_1}} DesktopSkillClub rated VERY,1
{{sentence_1}} GamingProductYearJudge strongly,2
{{sentence_1}} BoardPoliceGames Grade thoroughly,3
{{sentence_1}} PlayerReviewCrewRoom strongly,4
{{sentence_1}} itageitagetainment�� emotionally,5
{{sentence_1}} BrowserMemorySwitchSync particularly,6
{{sentence_1}} CustomerPureRes completely downright,7
{{sentence_1}} LineMotion UI execution smells,8
{{sentence_1}} Status formatting foolish visually intellectually,9
